{"stat.chestOpened":29,"stat.walkOneCm":532879,"stat.useItem.minecraft.quartz_block":433,"stat.trappedChestTriggered":14,"stat.leaveGame":4,"stat.killEntity.Creeper":3,"stat.useItem.minecraft.carpet":459,"stat.useItem.minecraft.diamond_sword":25,"stat.useItem.minecraft.glowstone":97,"stat.useItem.minecraft.packed_ice":2,"stat.useItem.minecraft.bedrock":459,"stat.swimOneCm":2749,"stat.jump":694,"stat.useItem.minecraft.sand":1,"stat.climbOneCm":704,"stat.crouchOneCm":16260,"stat.sprintOneCm":353038,"achievement.exploreAllBiomes":{"value":0,"progress":["Desert"]},"stat.craftingTableInteraction":3,"stat.killEntity.Skeleton":5,"stat.useItem.minecraft.glass":2,"stat.useItem.minecraft.stone_slab":5,"achievement.openInventory":79,"stat.useItem.minecraft.barrier":37,"stat.mobKills":14,"stat.useItem.minecraft.anvil":5,"stat.flyOneCm":1029949,"stat.deaths":1,"stat.drop":1,"stat.playOneMinute":78630,"stat.killEntity.Witch":1,"stat.damageDealt":2885,"stat.useItem.minecraft.wool":105,"stat.killEntity.Zombie":1,"stat.timeSinceDeath":2460,"stat.useItem.minecraft.sign":25,"stat.useItem.minecraft.crafting_table":1,"stat.diveOneCm":4132,"stat.useItem.minecraft.fishing_rod":6}