{"stat.craftItem.minecraft.leather_leggings":4,"stat.beaconInteraction":2,"stat.useItem.minecraft.quartz_block":7151,"stat.killEntity.EntityHorse":8,"stat.horseOneCm":12424,"stat.leaveGame":6,"stat.useItem.minecraft.log2":9,"stat.useItem.minecraft.beacon":10,"stat.useItem.minecraft.bookshelf":58,"stat.useItem.minecraft.skull":29,"stat.useItem.minecraft.diamond_sword":44,"stat.useItem.minecraft.glowstone":936,"stat.swimOneCm":21270,"stat.useItem.minecraft.planks":244,"stat.climbOneCm":4187,"stat.useItem.minecraft.obsidian":2,"stat.useItem.minecraft.dirt":1924,"achievement.exploreAllBiomes":{"value":0,"progress":["Desert"]},"stat.useItem.minecraft.sandstone_stairs":155,"stat.useItem.minecraft.rail":229,"stat.useItem.minecraft.anvil":1,"stat.flyOneCm":6034055,"stat.timeSinceDeath":663,"stat.hopperInspected":3,"stat.useItem.minecraft.sign":43,"stat.cauldronFilled":4,"stat.useItem.minecraft.spawn_egg":17,"stat.killEntity.Bat":1,"stat.trappedChestTriggered":39,"stat.useItem.minecraft.lever":10,"stat.killEntity.Wolf":3,"stat.killEntity.Creeper":1,"stat.useItem.minecraft.armor_stand":10,"stat.craftItem.minecraft.leather_helmet":4,"stat.useItem.minecraft.minecart":15,"stat.useItem.minecraft.written_book":5,"stat.sprintOneCm":425633,"stat.useItem.minecraft.stained_glass":227,"stat.useItem.minecraft.diamond_block":396,"stat.useItem.minecraft.fence":6,"stat.useItem.minecraft.dark_oak_door":15,"stat.useItem.minecraft.stone_slab":1533,"stat.useItem.minecraft.bed":4,"achievement.openInventory":444,"stat.useItem.minecraft.cauldron":4,"stat.useItem.minecraft.wooden_button":5,"stat.useItem.minecraft.stone_pressure_plate":5,"stat.useItem.minecraft.hopper":2,"stat.useItem.minecraft.dye":793,"stat.deaths":14,"stat.drop":3,"stat.playOneMinute":1018054,"stat.craftItem.minecraft.leather_chestplate":4,"stat.useItem.minecraft.banner":98,"stat.useItem.minecraft.ladder":7,"stat.killEntity.Zombie":1,"stat.diveOneCm":11788,"stat.chestOpened":120,"stat.useItem.minecraft.stone":1,"stat.useItem.minecraft.quartz_stairs":138,"stat.useItem.minecraft.carpet":1729,"stat.useItem.minecraft.heavy_weighted_pressure_plate":6,"stat.useItem.minecraft.stained_glass_pane":6,"stat.useItem.minecraft.packed_ice":17,"stat.useItem.minecraft.bedrock":3600,"stat.jump":1979,"stat.useItem.minecraft.sand":543,"stat.useItem.minecraft.trapped_chest":9,"stat.crouchOneCm":54244,"stat.useItem.minecraft.stone_button":9,"stat.craftingTableInteraction":8,"stat.useItem.minecraft.glass":52,"stat.useItem.minecraft.sapling":448,"stat.useItem.minecraft.redstone_lamp":4,"stat.useItem.minecraft.golden_rail":314,"stat.useItem.minecraft.gold_block":19,"stat.useItem.minecraft.acacia_door":3,"stat.useItem.minecraft.slime":244,"stat.useItem.minecraft.birch_fence":6,"stat.useItem.minecraft.enchanting_table":2,"stat.damageDealt":6258,"stat.useItem.minecraft.wool":2521,"stat.killEntity.Cow":3,"stat.useItem.minecraft.crafting_table":5,"stat.useItem.minecraft.command_block":31,"stat.walkOneCm":2861543,"stat.useItem.minecraft.torch":2,"stat.useItem.minecraft.chest":13,"stat.useItem.minecraft.log":18,"stat.useItem.minecraft.tnt":88,"stat.craftItem.minecraft.leather_boots":4,"stat.useItem.minecraft.emerald_block":2,"stat.minecartOneCm":227136,"stat.useItem.minecraft.stained_hardened_clay":93,"stat.useItem.minecraft.redstone_ore":55,"stat.useItem.minecraft.birch_door":3,"stat.killEntity.Skeleton":3,"stat.useItem.minecraft.barrier":2301,"stat.useItem.minecraft.iron_block":59,"stat.useItem.minecraft.jungle_door":5,"stat.mobKills":20,"stat.useItem.minecraft.wooden_pressure_plate":1,"stat.useItem.minecraft.wooden_door":2,"stat.useItem.minecraft.spruce_door":1,"stat.useItem.minecraft.writable_book":3,"stat.useItem.minecraft.sandstone":947}