{"stat.useItem.minecraft.bow":2,"stat.killEntity.Skeleton":19,"stat.walkOneCm":240736,"stat.playerKills":4,"achievement.openInventory":52,"stat.leaveGame":1,"stat.damageTaken":2775,"stat.killEntity.Spider":5,"stat.mineBlock.minecraft.glowstone":69,"stat.killEntity.Endermite":1,"stat.mobKills":74,"stat.killEntity.Creeper":6,"stat.craftItem.minecraft.glowstone":14,"stat.entityKilledBy.Creeper":1,"stat.flyOneCm":85039,"stat.deaths":4,"stat.drop":12,"stat.useItem.minecraft.bedrock":10,"stat.jump":385,"stat.mineBlock.minecraft.sand":3,"stat.useItem.minecraft.sand":1,"stat.playOneMinute":25746,"stat.killEntity.Witch":1,"stat.fallOneCm":53006,"stat.useItem.minecraft.milk_bucket":1,"stat.useItem.minecraft.stone_axe":1,"stat.damageDealt":126912,"stat.killEntity.Rabbit":17,"stat.killEntity.Zombie":22,"stat.timeSinceDeath":10282,"stat.useItem.minecraft.sign":1,"stat.sprintOneCm":28009,"stat.useItem.minecraft.spawn_egg":21,"achievement.exploreAllBiomes":{"value":0,"progress":["Desert"]}}