{"stat.useItem.minecraft.iron_bars":5,"stat.useItem.minecraft.command_block":1,"stat.walkOneCm":192834,"stat.useItem.minecraft.quartz_block":1,"stat.playerKills":2,"stat.entityKilledBy.Spider":1,"achievement.openInventory":18,"stat.leaveGame":1,"stat.entityKilledBy.Rabbit":1,"stat.damageTaken":3982,"stat.killEntity.Wolf":1,"stat.mobKills":3,"stat.useItem.minecraft.potion":1,"stat.flyOneCm":337129,"stat.deaths":6,"stat.drop":47,"stat.jump":341,"stat.playOneMinute":38507,"stat.fallOneCm":10728,"stat.killEntity.Sheep":1,"stat.damageDealt":26510,"stat.crouchOneCm":247,"stat.useItem.minecraft.wool":2,"stat.killEntity.Zombie":1,"stat.timeSinceDeath":192,"stat.sprintOneCm":68183,"achievement.exploreAllBiomes":{"value":0,"progress":["Desert"]}}