{"stat.beaconInteraction":57,"stat.chestOpened":118,"stat.craftItem.minecraft.leather_leggings":3,"stat.useItem.minecraft.quartz_block":10488,"stat.useItem.minecraft.painting":178,"stat.useItem.minecraft.quartz_stairs":22,"stat.leaveGame":5,"stat.useItem.minecraft.beacon":310,"stat.useItem.minecraft.bookshelf":104,"stat.useItem.minecraft.skull":38,"stat.useItem.minecraft.carpet":1758,"stat.useItem.minecraft.heavy_weighted_pressure_plate":17,"stat.useItem.minecraft.diamond_sword":10,"stat.useItem.minecraft.stained_glass_pane":1,"stat.useItem.minecraft.glowstone":304,"stat.useItem.minecraft.packed_ice":35,"stat.useItem.minecraft.flower_pot":6,"stat.useItem.minecraft.bedrock":6691,"stat.jump":2689,"stat.useItem.minecraft.sand":755,"stat.swimOneCm":7523,"stat.fallOneCm":633,"stat.useItem.minecraft.planks":244,"stat.climbOneCm":3505,"stat.useItem.minecraft.trapped_chest":3,"stat.crouchOneCm":84816,"stat.useItem.minecraft.obsidian":533,"stat.useItem.minecraft.dirt":1027,"stat.useItem.minecraft.stone_button":4,"achievement.exploreAllBiomes":{"value":0,"progress":["Desert"]},"stat.craftingTableInteraction":11,"stat.useItem.minecraft.glass":679,"stat.useItem.minecraft.sapling":4,"stat.useItem.minecraft.redstone_lamp":7,"stat.useItem.minecraft.vine":3,"stat.useItem.minecraft.golden_rail":562,"stat.damageTaken":400,"stat.useItem.minecraft.dark_oak_fence":6,"stat.useItem.minecraft.rail":428,"stat.useItem.minecraft.gold_block":49,"stat.killEntity.Enderman":1,"stat.useItem.minecraft.acacia_door":3,"stat.useItem.minecraft.slime":837,"stat.useItem.minecraft.anvil":7,"stat.flyOneCm":6212070,"stat.useItem.minecraft.enchanting_table":3,"stat.damageDealt":1560,"stat.useItem.minecraft.wool":1958,"stat.timeSinceDeath":621657,"stat.hopperInspected":2,"stat.useItem.minecraft.sign":18,"stat.useItem.minecraft.crafting_table":1,"stat.useItem.minecraft.spawn_egg":3,"stat.cauldronFilled":3,"stat.useItem.minecraft.wooden_slab":14,"stat.useItem.minecraft.iron_bars":106,"stat.flowerPotted":4,"stat.useItem.minecraft.command_block":21,"stat.walkOneCm":1990619,"stat.trappedChestTriggered":12,"stat.useItem.minecraft.chest":10,"stat.useItem.minecraft.lever":16,"stat.useItem.minecraft.tnt":22,"stat.craftItem.minecraft.leather_boots":3,"stat.useItem.minecraft.armor_stand":12,"stat.minecartOneCm":129815,"stat.craftItem.minecraft.leather_helmet":4,"stat.useItem.minecraft.minecart":5,"stat.useItem.minecraft.redstone_block":11,"stat.useItem.minecraft.item_frame":1,"stat.useItem.minecraft.redstone":1,"stat.useItem.minecraft.milk_bucket":1,"stat.useItem.minecraft.written_book":11,"stat.useItem.minecraft.stained_hardened_clay":120,"stat.sprintOneCm":473635,"stat.useItem.minecraft.stained_glass":590,"stat.useItem.minecraft.diamond_block":350,"stat.useItem.minecraft.redstone_ore":95,"stat.useItem.minecraft.hay_block":89,"stat.useItem.minecraft.fence":21,"stat.useItem.minecraft.dark_oak_door":4,"stat.useItem.minecraft.stone_slab":679,"stat.useItem.minecraft.ice":2,"stat.useItem.minecraft.bed":3,"achievement.openInventory":452,"stat.itemEnchanted":4,"stat.useItem.minecraft.cauldron":3,"stat.useItem.minecraft.barrier":2484,"stat.useItem.minecraft.iron_block":876,"stat.killEntity.Spider":1,"stat.useItem.minecraft.wooden_button":2,"stat.useItem.minecraft.stone_pressure_plate":2,"stat.useItem.minecraft.hopper":2,"stat.mobKills":5,"stat.useItem.minecraft.dye":121,"stat.deaths":6,"stat.drop":15,"stat.useItem.minecraft.writable_book":14,"stat.playOneMinute":1025397,"stat.craftItem.minecraft.leather_chestplate":5,"stat.useItem.minecraft.banner":42,"stat.useItem.minecraft.ladder":26,"stat.killEntity.Zombie":2,"stat.useItem.minecraft.brewing_stand":3,"stat.diveOneCm":3860}