{"stat.useItem.minecraft.quartz_block":650,"stat.leaveGame":21,"stat.useItem.minecraft.skull":1,"stat.useItem.minecraft.carpet":202,"stat.useItem.minecraft.glowstone":276,"stat.useItem.minecraft.bedrock":1150,"stat.jump":1432,"stat.useItem.minecraft.iron_trapdoor":1,"stat.swimOneCm":253,"stat.climbOneCm":705,"stat.fallOneCm":406,"stat.crouchOneCm":2349,"stat.useItem.minecraft.dirt":1,"stat.useItem.minecraft.stone_button":1,"achievement.exploreAllBiomes":{"value":0,"progress":["Desert"]},"stat.damageTaken":20,"stat.useItem.minecraft.anvil":1,"stat.flyOneCm":3221078,"stat.damageDealt":100,"stat.useItem.minecraft.wool":1081,"stat.timeSinceDeath":177795,"stat.useItem.minecraft.sign":12,"stat.useItem.minecraft.crafting_table":7,"stat.useItem.minecraft.command_block":3,"stat.walkOneCm":271153,"stat.useItem.minecraft.chest":5,"stat.useItem.minecraft.lever":3,"stat.useItem.minecraft.oak_stairs":42,"stat.useItem.minecraft.tnt":289,"stat.useItem.minecraft.redstone_block":1,"stat.useItem.minecraft.trapdoor":10,"stat.sprintOneCm":196178,"stat.useItem.minecraft.stained_glass":1,"stat.useItem.minecraft.stone_slab":239,"achievement.openInventory":114,"stat.useItem.minecraft.barrier":217,"stat.useItem.minecraft.flint_and_steel":3,"stat.mobKills":1,"stat.drop":3,"stat.playOneMinute":177795,"stat.useItem.minecraft.banner":2,"stat.useItem.minecraft.fishing_rod":1,"stat.diveOneCm":3198}