{"stat.chestOpened":6,"stat.useItem.minecraft.command_block":1,"stat.walkOneCm":88300,"stat.useItem.minecraft.stone_slab":32,"stat.useItem.minecraft.torch":1,"stat.useItem.minecraft.quartz_block":26,"stat.trappedChestTriggered":1,"achievement.openInventory":31,"stat.leaveGame":1,"stat.useItem.minecraft.gold_block":20,"stat.minecartOneCm":53138,"stat.useItem.minecraft.heavy_weighted_pressure_plate":1,"stat.useItem.minecraft.glowstone":143,"stat.useItem.minecraft.slime":104,"stat.flyOneCm":1135254,"stat.useItem.minecraft.sand":44,"stat.jump":296,"stat.swimOneCm":601,"stat.useItem.minecraft.minecart":2,"stat.playOneMinute":140292,"stat.climbOneCm":1449,"stat.crouchOneCm":7495,"stat.useItem.minecraft.wool":1412,"stat.timeSinceDeath":140292,"stat.useItem.minecraft.written_book":1,"stat.useItem.minecraft.stained_hardened_clay":25,"stat.useItem.minecraft.diamond_block":3,"stat.sprintOneCm":32734,"stat.useItem.minecraft.stained_glass":1,"stat.useItem.minecraft.hay_block":105,"achievement.exploreAllBiomes":{"value":0,"progress":["Desert"]},"stat.useItem.minecraft.fence":20,"stat.diveOneCm":1546}